Ghi,Ghi90,Ghi10,Ebh,Dni,Dni10,Dni90,Dhi,air_temp,Zenith,Azimuth,cloud_opacity,period_end,Period
1050,1050,1004,924,1031,955,1031,126,23,26,16,0,2019-02-24T03:00:00Z,PT30M
1023,1023,947,899,1022,863,1022,124,24,28,31,0,2019-02-24T03:30:00Z,PT30M
978,978,907,859,1017,859,1017,120,24,32,44,0,2019-02-24T04:00:00Z,PT30M
913,918,853,794,999,859,1010,118,24,37,54,1,2019-02-24T04:30:00Z,PT30M
838,841,791,726,982,875,989,111,24,42,62,2,2019-02-24T05:00:00Z,PT30M
732,747,690,607,896,764,936,124,24,47,69,2,2019-02-24T05:30:00Z,PT30M
608,629,572,463,769,628,835,144,23,53,75,6,2019-02-24T06:00:00Z,PT30M
479,502,455,309,599,494,705,168,22,59,80,11,2019-02-24T06:30:00Z,PT30M
368,390,347,185,439,329,560,183,22,65,85,14,2019-02-24T07:00:00Z,PT30M
273,289,257,130,402,303,510,142,20,71,89,12,2019-02-24T07:30:00Z,PT30M
177,186,167,88,425,329,531,88,19,78,94,7,2019-02-24T08:00:00Z,PT30M
79,82,75,40,235,182,270,39,18,84,98,3,2019-02-24T08:30:00Z,PT30M
1,1,1,0,5,5,5,0,16,90,102,0,2019-02-24T09:00:00Z,PT30M
0,0,0,0,0,0,0,0,15,96,106,0,2019-02-24T09:30:00Z,PT30M
0,0,0,0,0,0,0,0,14,101,111,0,2019-02-24T10:00:00Z,PT30M
0,0,0,0,0,0,0,0,13,107,116,0,2019-02-24T10:30:00Z,PT30M
0,0,0,0,0,0,0,0,12,112,121,0,2019-02-24T11:00:00Z,PT30M
0,0,0,0,0,0,0,0,11,118,127,0,2019-02-24T11:30:00Z,PT30M
0,0,0,0,0,0,0,0,11,122,134,0,2019-02-24T12:00:00Z,PT30M
0,0,0,0,0,0,0,0,10,126,141,0,2019-02-24T12:30:00Z,PT30M
0,0,0,0,0,0,0,0,10,130,150,0,2019-02-24T13:00:00Z,PT30M
0,0,0,0,0,0,0,0,10,132,159,0,2019-02-24T13:30:00Z,PT30M
0,0,0,0,0,0,0,0,9,134,169,0,2019-02-24T14:00:00Z,PT30M
0,0,0,0,0,0,0,0,9,135,179,0,2019-02-24T14:30:00Z,PT30M
0,0,0,0,0,0,0,0,9,134,-171,0,2019-02-24T15:00:00Z,PT30M
0,0,0,0,0,0,0,0,9,133,-161,0,2019-02-24T15:30:00Z,PT30M
0,0,0,0,0,0,0,0,9,130,-151,0,2019-02-24T16:00:00Z,PT30M
0,0,0,0,0,0,0,0,9,127,-143,0,2019-02-24T16:30:00Z,PT30M
0,0,0,0,0,0,0,0,8,123,-135,0,2019-02-24T17:00:00Z,PT30M
0,0,0,0,0,0,0,0,8,118,-128,0,2019-02-24T17:30:00Z,PT30M
0,0,0,0,0,0,0,0,8,113,-122,0,2019-02-24T18:00:00Z,PT30M
0,0,0,0,0,0,0,0,8,108,-117,0,2019-02-24T18:30:00Z,PT30M
0,0,0,0,0,0,0,0,8,103,-112,0,2019-02-24T19:00:00Z,PT30M
0,0,0,0,0,0,0,0,8,97,-107,0,2019-02-24T19:30:00Z,PT30M
0,0,0,0,0,0,0,0,8,91,-103,0,2019-02-24T20:00:00Z,PT30M
62,62,55,35,211,132,212,26,9,85,-98,0,2019-02-24T20:30:00Z,PT30M
168,168,150,108,570,374,572,59,11,79,-94,0,2019-02-24T21:00:00Z,PT30M
284,285,254,203,696,468,698,81,12,73,-90,0,2019-02-24T21:30:00Z,PT30M
405,406,362,313,800,557,802,92,13,67,-85,0,2019-02-24T22:00:00Z,PT30M
522,523,466,428,877,638,879,93,16,61,-81,0,2019-02-24T22:30:00Z,PT30M
633,634,566,535,922,692,924,97,16,55,-76,0,2019-02-24T23:00:00Z,PT30M
736,737,657,632,955,725,957,103,19,49,-70,0,2019-02-24T23:30:00Z,PT30M
826,827,739,716,980,742,981,109,19,43,-63,0,2019-02-25,PT30M
904,905,810,788,998,764,999,115,21,38,-55,0,2019-02-25T00:30:00Z,PT30M
965,966,866,844,1007,771,1007,121,23,33,-45,0,2019-02-25T01:00:00Z,PT30M
1010,1011,909,884,1011,779,1012,125,24,29,-33,0,2019-02-25T01:30:00Z,PT30M
1038,1039,935,909,1020,788,1021,128,25,27,-18,0,2019-02-25T02:00:00Z,PT30M
1047,1047,944,916,1019,787,1020,129,26,26,-1,0,2019-02-25T02:30:00Z,PT30M
1039,1039,939,908,1010,798,1010,130,26,26,15,0,2019-02-25T03:00:00Z,PT30M
1013,1013,917,884,1011,798,1011,128,27,29,31,0,2019-02-25T03:30:00Z,PT30M
970,970,878,844,996,785,996,125,27,32,43,0,2019-02-25T04:00:00Z,PT30M
902,909,815,773,968,750,986,128,27,37,53,1,2019-02-25T04:30:00Z,PT30M
812,833,731,674,907,677,964,137,28,42,62,2,2019-02-25T05:00:00Z,PT30M
703,744,629,548,819,575,939,154,27,48,69,5,2019-02-25T05:30:00Z,PT30M
587,643,520,417,710,440,905,170,27,54,75,8,2019-02-25T06:00:00Z,PT30M
472,529,414,290,580,328,842,182,27,60,80,11,2019-02-25T06:30:00Z,PT30M
363,410,315,192,474,227,734,170,27,66,85,12,2019-02-25T07:00:00Z,PT30M
262,297,226,126,410,187,666,135,26,72,89,11,2019-02-25T07:30:00Z,PT30M
163,181,140,74,356,167,542,89,25,78,93,9,2019-02-25T08:00:00Z,PT30M
69,74,59,29,172,83,240,39,22,84,98,7,2019-02-25T08:30:00Z,PT30M
0,0,0,0,0,0,0,0,20,90,102,4,2019-02-25T09:00:00Z,PT30M
0,0,0,0,0,0,0,0,19,96,106,4,2019-02-25T09:30:00Z,PT30M
0,0,0,0,0,0,0,0,18,102,111,4,2019-02-25T10:00:00Z,PT30M
0,0,0,0,0,0,0,0,17,107,116,7,2019-02-25T10:30:00Z,PT30M
0,0,0,0,0,0,0,0,16,113,121,10,2019-02-25T11:00:00Z,PT30M
0,0,0,0,0,0,0,0,15,118,127,14,2019-02-25T11:30:00Z,PT30M
0,0,0,0,0,0,0,0,15,123,134,19,2019-02-25T12:00:00Z,PT30M
0,0,0,0,0,0,0,0,14,127,141,23,2019-02-25T12:30:00Z,PT30M
0,0,0,0,0,0,0,0,14,130,150,27,2019-02-25T13:00:00Z,PT30M
0,0,0,0,0,0,0,0,13,133,159,30,2019-02-25T13:30:00Z,PT30M
0,0,0,0,0,0,0,0,13,135,169,32,2019-02-25T14:00:00Z,PT30M
0,0,0,0,0,0,0,0,13,135,179,34,2019-02-25T14:30:00Z,PT30M
0,0,0,0,0,0,0,0,13,135,-170,35,2019-02-25T15:00:00Z,PT30M
0,0,0,0,0,0,0,0,12,133,-160,38,2019-02-25T15:30:00Z,PT30M
0,0,0,0,0,0,0,0,12,131,-151,41,2019-02-25T16:00:00Z,PT30M
0,0,0,0,0,0,0,0,12,127,-143,46,2019-02-25T16:30:00Z,PT30M
0,0,0,0,0,0,0,0,12,123,-135,51,2019-02-25T17:00:00Z,PT30M
0,0,0,0,0,0,0,0,12,119,-128,56,2019-02-25T17:30:00Z,PT30M
0,0,0,0,0,0,0,0,12,114,-122,61,2019-02-25T18:00:00Z,PT30M
0,0,0,0,0,0,0,0,12,108,-117,64,2019-02-25T18:30:00Z,PT30M
0,0,0,0,0,0,0,0,12,103,-112,63,2019-02-25T19:00:00Z,PT30M
0,0,0,0,0,0,0,0,12,97,-107,58,2019-02-25T19:30:00Z,PT30M
0,0,0,0,0,0,0,0,11,91,-102,49,2019-02-25T20:00:00Z,PT30M
33,44,23,3,22,7,67,30,13,85,-98,39,2019-02-25T20:30:00Z,PT30M
108,137,77,17,92,20,288,90,14,79,-94,31,2019-02-25T21:00:00Z,PT30M
198,250,144,44,152,31,470,154,16,73,-90,28,2019-02-25T21:30:00Z,PT30M
284,362,204,70,181,33,582,213,18,67,-85,28,2019-02-25T22:00:00Z,PT30M
358,463,252,94,194,28,625,263,19,61,-80,29,2019-02-25T22:30:00Z,PT30M
421,553,288,98,170,21,653,323,21,55,-75,32,2019-02-25T23:00:00Z,PT30M
476,634,318,101,153,15,644,375,23,49,-69,34,2019-02-25T23:30:00Z,PT30M
526,708,344,103,140,13,659,422,25,43,-63,35,2019-02-26,PT30M
568,771,365,103,131,10,655,465,27,38,-55,36,2019-02-26T00:30:00Z,PT30M
600,820,379,107,127,8,656,493,27,33,-45,36,2019-02-26T01:00:00Z,PT30M
620,854,386,100,115,7,662,520,29,30,-33,37,2019-02-26T01:30:00Z,PT30M
625,867,382,90,102,6,632,534,30,27,-18,38,2019-02-26T02:00:00Z,PT30M
613,859,366,73,81,4,577,539,30,26,-1,40,2019-02-26T02:30:00Z,PT30M
583,829,337,56,63,3,511,526,31,27,15,42,2019-02-26T03:00:00Z,PT30M
536,777,296,39,44,2,420,497,31,29,30,45,2019-02-26T03:30:00Z,PT30M
474,706,243,23,28,1,314,450,32,33,43,49,2019-02-26T04:00:00Z,PT30M
401,618,183,12,15,0,204,388,32,37,53,54,2019-02-26T04:30:00Z,PT30M
318,518,119,5,7,0,114,313,31,42,61,61,2019-02-26T05:00:00Z,PT30M
235,414,56,2,3,0,56,233,31,48,68,67,2019-02-26T05:30:00Z,PT30M
161,316,6,1,2,0,27,160,29,54,74,74,2019-02-26T06:00:00Z,PT30M
105,234,4,0,0,0,16,105,28,60,79,79,2019-02-26T06:30:00Z,PT30M
70,171,3,0,0,0,14,70,27,66,84,82,2019-02-26T07:00:00Z,PT30M
49,121,2,0,0,0,14,49,27,72,89,82,2019-02-26T07:30:00Z,PT30M
33,76,2,0,0,0,15,33,25,78,93,80,2019-02-26T08:00:00Z,PT30M
15,32,0,0,0,0,8,15,25,84,97,77,2019-02-26T08:30:00Z,PT30M
0,0,0,0,0,0,0,0,24,90,102,74,2019-02-26T09:00:00Z,PT30M
0,0,0,0,0,0,0,0,23,96,106,70,2019-02-26T09:30:00Z,PT30M
0,0,0,0,0,0,0,0,23,102,111,66,2019-02-26T10:00:00Z,PT30M
0,0,0,0,0,0,0,0,22,108,116,62,2019-02-26T10:30:00Z,PT30M
0,0,0,0,0,0,0,0,21,113,121,58,2019-02-26T11:00:00Z,PT30M
0,0,0,0,0,0,0,0,21,118,127,53,2019-02-26T11:30:00Z,PT30M
0,0,0,0,0,0,0,0,20,123,134,48,2019-02-26T12:00:00Z,PT30M
0,0,0,0,0,0,0,0,20,127,141,43,2019-02-26T12:30:00Z,PT30M
0,0,0,0,0,0,0,0,20,130,149,40,2019-02-26T13:00:00Z,PT30M
0,0,0,0,0,0,0,0,19,133,159,35,2019-02-26T13:30:00Z,PT30M
0,0,0,0,0,0,0,0,18,135,169,31,2019-02-26T14:00:00Z,PT30M
0,0,0,0,0,0,0,0,17,136,179,27,2019-02-26T14:30:00Z,PT30M
0,0,0,0,0,0,0,0,17,135,-170,24,2019-02-26T15:00:00Z,PT30M
0,0,0,0,0,0,0,0,16,134,-160,22,2019-02-26T15:30:00Z,PT30M
0,0,0,0,0,0,0,0,16,131,-151,21,2019-02-26T16:00:00Z,PT30M
0,0,0,0,0,0,0,0,16,128,-142,18,2019-02-26T16:30:00Z,PT30M
0,0,0,0,0,0,0,0,16,124,-135,16,2019-02-26T17:00:00Z,PT30M
0,0,0,0,0,0,0,0,16,119,-128,12,2019-02-26T17:30:00Z,PT30M
0,0,0,0,0,0,0,0,16,114,-122,9,2019-02-26T18:00:00Z,PT30M
0,0,0,0,0,0,0,0,16,109,-116,5,2019-02-26T18:30:00Z,PT30M
0,0,0,0,0,0,0,0,16,103,-111,2,2019-02-26T19:00:00Z,PT30M
0,0,0,0,0,0,0,0,16,97,-107,0,2019-02-26T19:30:00Z,PT30M
0,0,0,0,0,0,0,0,16,91,-102,0,2019-02-26T20:00:00Z,PT30M
55,55,44,30,176,64,176,25,16,85,-98,0,2019-02-26T20:30:00Z,PT30M
157,157,126,96,504,198,504,60,17,79,-94,0,2019-02-26T21:00:00Z,PT30M
272,272,218,185,634,245,634,86,19,73,-89,0,2019-02-26T21:30:00Z,PT30M
390,390,312,290,742,301,742,99,21,67,-85,0,2019-02-26T22:00:00Z,PT30M
506,506,403,402,829,358,829,103,21,61,-80,0,2019-02-26T22:30:00Z,PT30M
610,616,484,499,871,378,891,110,23,55,-75,0,2019-02-26T23:00:00Z,PT30M
701,717,551,580,885,359,925,121,25,49,-69,1,2019-02-26T23:30:00Z,PT30M
776,806,604,633,879,331,955,142,25,44,-62,3,2019-02-27,PT30M
837,883,643,679,861,290,966,158,27,38,-54,4,2019-02-27T00:30:00Z,PT30M
883,943,670,697,840,253,984,186,27,34,-44,6,2019-02-27T01:00:00Z,PT30M
914,988,685,709,819,215,988,205,27,30,-32,7,2019-02-27T01:30:00Z,PT30M
925,1015,680,703,790,178,988,221,28,27,-18,8,2019-02-27T02:00:00Z,PT30M
905,1024,650,639,710,122,988,266,28,26,-1,11,2019-02-27T02:30:00Z,PT30M
847,1015,588,508,570,71,987,338,29,27,15,16,2019-02-27T03:00:00Z,PT30M
753,989,494,324,371,27,978,428,29,29,30,23,2019-02-27T03:30:00Z,PT30M
642,892,390,154,184,9,847,488,29,33,43,32,2019-02-27T04:00:00Z,PT30M
540,781,298,76,96,5,668,464,29,38,53,39,2019-02-27T04:30:00Z,PT30M
462,687,238,45,62,1,564,417,29,43,61,43,2019-02-27T05:00:00Z,PT30M
414,617,212,41,61,1,553,373,28,48,68,42,2019-02-27T05:30:00Z,PT30M
379,555,203,44,75,3,595,334,27,54,74,39,2019-02-27T06:00:00Z,PT30M
336,481,191,52,105,6,646,283,27,60,79,34,2019-02-27T06:30:00Z,PT30M
276,389,165,50,123,9,644,226,26,66,84,30,2019-02-27T07:00:00Z,PT30M
201,279,122,36,116,9,562,164,25,72,88,28,2019-02-27T07:30:00Z,PT30M
119,165,73,18,89,10,438,100,24,78,93,29,2019-02-27T08:00:00Z,PT30M
45,62,28,6,36,5,160,38,22,84,97,30,2019-02-27T08:30:00Z,PT30M
0,0,0,0,0,0,0,0,20,90,101,31,2019-02-27T09:00:00Z,PT30M
0,0,0,0,0,0,0,0,19,96,106,31,2019-02-27T09:30:00Z,PT30M
0,0,0,0,0,0,0,0,17,102,110,31,2019-02-27T10:00:00Z,PT30M
0,0,0,0,0,0,0,0,17,108,115,30,2019-02-27T10:30:00Z,PT30M
0,0,0,0,0,0,0,0,16,113,121,29,2019-02-27T11:00:00Z,PT30M
0,0,0,0,0,0,0,0,16,118,127,28,2019-02-27T11:30:00Z,PT30M
0,0,0,0,0,0,0,0,16,123,133,28,2019-02-27T12:00:00Z,PT30M
0,0,0,0,0,0,0,0,16,127,141,27,2019-02-27T12:30:00Z,PT30M
0,0,0,0,0,0,0,0,16,131,149,26,2019-02-27T13:00:00Z,PT30M
0,0,0,0,0,0,0,0,16,134,159,25,2019-02-27T13:30:00Z,PT30M
0,0,0,0,0,0,0,0,16,135,169,24,2019-02-27T14:00:00Z,PT30M
0,0,0,0,0,0,0,0,16,136,179,23,2019-02-27T14:30:00Z,PT30M
0,0,0,0,0,0,0,0,16,135,-170,22,2019-02-27T15:00:00Z,PT30M
0,0,0,0,0,0,0,0,16,134,-160,22,2019-02-27T15:30:00Z,PT30M
0,0,0,0,0,0,0,0,16,131,-151,23,2019-02-27T16:00:00Z,PT30M
0,0,0,0,0,0,0,0,16,128,-142,23,2019-02-27T16:30:00Z,PT30M
0,0,0,0,0,0,0,0,16,124,-134,22,2019-02-27T17:00:00Z,PT30M
0,0,0,0,0,0,0,0,16,119,-128,21,2019-02-27T17:30:00Z,PT30M
0,0,0,0,0,0,0,0,16,114,-121,20,2019-02-27T18:00:00Z,PT30M
0,0,0,0,0,0,0,0,15,109,-116,18,2019-02-27T18:30:00Z,PT30M
0,0,0,0,0,0,0,0,14,103,-111,16,2019-02-27T19:00:00Z,PT30M
0,0,0,0,0,0,0,0,14,97,-106,14,2019-02-27T19:30:00Z,PT30M
0,0,0,0,0,0,0,0,13,91,-102,12,2019-02-27T20:00:00Z,PT30M
39,44,28,13,77,17,125,25,15,85,-97,10,2019-02-27T20:30:00Z,PT30M
125,138,91,52,276,58,384,72,16,79,-93,8,2019-02-27T21:00:00Z,PT30M
232,253,171,116,396,88,548,116,17,73,-89,7,2019-02-27T21:30:00Z,PT30M
346,373,256,201,516,116,668,144,19,67,-84,6,2019-02-27T22:00:00Z,PT30M
456,490,341,297,613,150,752,159,21,61,-80,6,2019-02-27T22:30:00Z,PT30M
561,602,421,398,695,178,814,162,22,55,-74,6,2019-02-27T23:00:00Z,PT30M
657,705,496,488,745,210,861,168,23,49,-69,6,2019-02-27T23:30:00Z,PT30M
738,796,560,563,783,226,897,174,25,44,-62,6,2019-02-28,PT30M
808,879,615,615,790,220,969,193,25,39,-54,7,2019-02-28T00:30:00Z,PT30M
851,939,649,640,772,206,977,211,27,34,-44,8,2019-02-28T01:00:00Z,PT30M
878,985,669,635,733,189,985,243,27,30,-32,10,2019-02-28T01:30:00Z,PT30M
841,1012,628,503,570,106,993,337,28,28,-17,16,2019-02-28T02:00:00Z,PT30M
794,1003,584,378,425,62,957,415,29,27,-1,21,2019-02-28T02:30:00Z,PT30M
743,950,536,263,295,38,857,479,31,27,15,26,2019-02-28T03:00:00Z,PT30M
688,888,488,198,228,24,760,490,29,30,30,29,2019-02-28T03:30:00Z,PT30M
629,820,438,143,171,17,665,485,29,33,42,32,2019-02-28T04:00:00Z,PT30M
567,746,388,100,128,13,574,466,29,38,52,35,2019-02-28T04:30:00Z,PT30M
503,668,338,74,102,11,501,428,29,43,61,37,2019-02-28T05:00:00Z,PT30M
437,585,287,54,83,8,453,382,29,49,68,39,2019-02-28T05:30:00Z,PT30M
368,499,237,41,70,7,395,327,29,54,74,40,2019-02-28T06:00:00Z,PT30M
298,409,187,29,59,6,336,268,28,60,79,41,2019-02-28T06:30:00Z,PT30M
228,316,139,19,47,5,284,209,27,66,84,42,2019-02-28T07:00:00Z,PT30M
159,223,94,11,37,3,231,147,26,72,88,43,2019-02-28T07:30:00Z,PT30M
92,131,52,5,30,5,183,86,25,79,92,44,2019-02-28T08:00:00Z,PT30M
34,49,18,2,13,0,65,32,25,85,97,45,2019-02-28T08:30:00Z,PT30M
0,0,0,0,0,0,0,0,24,91,101,45,2019-02-28T09:00:00Z,PT30M
0,0,0,0,0,0,0,0,23,97,105,45,2019-02-28T09:30:00Z,PT30M
0,0,0,0,0,0,0,0,23,103,110,44,2019-02-28T10:00:00Z,PT30M
0,0,0,0,0,0,0,0,22,108,115,42,2019-02-28T10:30:00Z,PT30M
0,0,0,0,0,0,0,0,21,114,120,40,2019-02-28T11:00:00Z,PT30M
0,0,0,0,0,0,0,0,21,119,126,37,2019-02-28T11:30:00Z,PT30M
0,0,0,0,0,0,0,0,19,123,133,33,2019-02-28T12:00:00Z,PT30M
0,0,0,0,0,0,0,0,19,128,141,29,2019-02-28T12:30:00Z,PT30M
0,0,0,0,0,0,0,0,19,131,149,26,2019-02-28T13:00:00Z,PT30M
0,0,0,0,0,0,0,0,18,134,158,22,2019-02-28T13:30:00Z,PT30M
0,0,0,0,0,0,0,0,18,136,169,19,2019-02-28T14:00:00Z,PT30M
0,0,0,0,0,0,0,0,17,136,179,17,2019-02-28T14:30:00Z,PT30M
0,0,0,0,0,0,0,0,17,136,-170,14,2019-02-28T15:00:00Z,PT30M
0,0,0,0,0,0,0,0,16,134,-160,13,2019-02-28T15:30:00Z,PT30M
0,0,0,0,0,0,0,0,16,132,-150,12,2019-02-28T16:00:00Z,PT30M
0,0,0,0,0,0,0,0,16,128,-142,11,2019-02-28T16:30:00Z,PT30M
0,0,0,0,0,0,0,0,16,124,-134,10,2019-02-28T17:00:00Z,PT30M
0,0,0,0,0,0,0,0,16,120,-127,10,2019-02-28T17:30:00Z,PT30M
0,0,0,0,0,0,0,0,16,114,-121,9,2019-02-28T18:00:00Z,PT30M
0,0,0,0,0,0,0,0,16,109,-116,8,2019-02-28T18:30:00Z,PT30M
0,0,0,0,0,0,0,0,17,103,-111,8,2019-02-28T19:00:00Z,PT30M
0,0,0,0,0,0,0,0,17,98,-106,7,2019-02-28T19:30:00Z,PT30M
0,0,0,0,0,0,0,0,17,92,-101,7,2019-02-28T20:00:00Z,PT30M
44,48,35,19,113,35,153,25,17,86,-97,6,2019-02-28T20:30:00Z,PT30M
137,148,109,68,393,126,522,68,18,80,-93,6,2019-02-28T21:00:00Z,PT30M
244,263,192,139,475,146,612,105,19,73,-89,6,2019-02-28T21:30:00Z,PT30M
354,381,278,224,574,181,723,130,21,67,-84,6,2019-02-28T22:00:00Z,PT30M
461,496,361,319,659,215,812,141,23,61,-79,6,2019-02-28T22:30:00Z,PT30M
562,606,437,410,716,224,870,151,25,55,-74,6,2019-02-28T23:00:00Z,PT30M
650,707,502,479,745,224,920,170,27,50,-68,7,2019-02-28T23:30:00Z,PT30M
722,796,552,533,741,198,943,189,27,44,-61,8,2019-03-01,PT30M
773,873,582,538,692,170,965,234,28,39,-53,11,2019-03-01T00:30:00Z,PT30M
796,933,587,511,616,118,971,284,29,34,-43,14,2019-03-01T01:00:00Z,PT30M
790,978,565,421,490,72,987,368,30,31,-31,19,2019-03-01T01:30:00Z,PT30M
753,985,515,295,334,34,947,458,31,28,-17,25,2019-03-01T02:00:00Z,PT30M
691,933,445,172,193,14,813,519,32,27,-1,32,2019-03-01T02:30:00Z,PT30M
614,863,363,90,103,6,635,523,32,28,15,39,2019-03-01T03:00:00Z,PT30M
533,782,283,47,54,2,465,485,32,30,30,45,2019-03-01T03:30:00Z,PT30M
454,698,211,26,32,1,319,427,29,34,42,51,2019-03-01T04:00:00Z,PT30M
386,618,154,17,22,0,232,369,28,38,52,55,2019-03-01T04:30:00Z,PT30M
332,546,116,12,16,0,194,319,27,43,60,58,2019-03-01T05:00:00Z,PT30M
287,481,94,10,15,0,175,277,26,49,67,59,2019-03-01T05:30:00Z,PT30M
249,416,81,8,14,0,165,241,25,55,73,59,2019-03-01T06:00:00Z,PT30M
211,349,73,7,14,0,168,204,24,61,78,58,2019-03-01T06:30:00Z,PT30M
171,277,64,6,15,0,157,165,23,67,83,56,2019-03-01T07:00:00Z,PT30M
125,199,51,4,14,0,149,120,23,73,88,54,2019-03-01T07:30:00Z,PT30M
75,118,32,2,13,0,132,73,21,79,92,52,2019-03-01T08:00:00Z,PT30M
28,44,13,1,7,0,47,27,21,85,96,51,2019-03-01T08:30:00Z,PT30M
0,0,0,0,0,0,0,0,20,91,101,49,2019-03-01T09:00:00Z,PT30M
0,0,0,0,0,0,0,0,20,97,105,47,2019-03-01T09:30:00Z,PT30M
0,0,0,0,0,0,0,0,20,103,110,45,2019-03-01T10:00:00Z,PT30M
0,0,0,0,0,0,0,0,20,108,115,42,2019-03-01T10:30:00Z,PT30M
0,0,0,0,0,0,0,0,19,114,120,39,2019-03-01T11:00:00Z,PT30M
0,0,0,0,0,0,0,0,19,119,126,36,2019-03-01T11:30:00Z,PT30M
0,0,0,0,0,0,0,0,19,124,133,33,2019-03-01T12:00:00Z,PT30M
0,0,0,0,0,0,0,0,19,128,140,30,2019-03-01T12:30:00Z,PT30M
0,0,0,0,0,0,0,0,19,132,149,27,2019-03-01T13:00:00Z,PT30M
0,0,0,0,0,0,0,0,19,134,158,24,2019-03-01T13:30:00Z,PT30M
0,0,0,0,0,0,0,0,19,136,169,23,2019-03-01T14:00:00Z,PT30M
0,0,0,0,0,0,0,0,19,137,179,21,2019-03-01T14:30:00Z,PT30M
0,0,0,0,0,0,0,0,19,136,-170,20,2019-03-01T15:00:00Z,PT30M
0,0,0,0,0,0,0,0,18,135,-160,20,2019-03-01T15:30:00Z,PT30M
0,0,0,0,0,0,0,0,18,132,-150,20,2019-03-01T16:00:00Z,PT30M
0,0,0,0,0,0,0,0,18,129,-141,21,2019-03-01T16:30:00Z,PT30M
0,0,0,0,0,0,0,0,17,124,-134,21,2019-03-01T17:00:00Z,PT30M
0,0,0,0,0,0,0,0,17,120,-127,21,2019-03-01T17:30:00Z,PT30M
0,0,0,0,0,0,0,0,17,115,-121,21,2019-03-01T18:00:00Z,PT30M
0,0,0,0,0,0,0,0,17,109,-115,21,2019-03-01T18:30:00Z,PT30M
0,0,0,0,0,0,0,0,17,104,-110,20,2019-03-01T19:00:00Z,PT30M
0,0,0,0,0,0,0,0,17,98,-106,19,2019-03-01T19:30:00Z,PT30M
0,0,0,0,0,0,0,0,17,92,-101,18,2019-03-01T20:00:00Z,PT30M
37,45,24,11,67,6,141,25,17,86,-97,16,2019-03-01T20:30:00Z,PT30M
121,144,81,43,248,35,508,78,17,80,-93,15,2019-03-01T21:00:00Z,PT30M
223,259,152,98,357,51,640,124,19,74,-88,13,2019-03-01T21:30:00Z,PT30M
327,376,227,170,453,64,743,156,19,68,-84,12,2019-03-01T22:00:00Z,PT30M
429,491,302,249,513,76,802,180,21,61,-79,12,2019-03-01T22:30:00Z,PT30M
524,600,371,328,586,95,880,195,23,56,-74,12,2019-03-01T23:00:00Z,PT30M
607,700,431,394,613,98,914,213,25,50,-68,12,2019-03-01T23:30:00Z,PT30M
676,789,477,421,585,83,934,255,25,44,-61,14,2019-03-02,PT30M
727,866,507,443,570,75,955,283,27,39,-53,15,2019-03-02T00:30:00Z,PT30M
759,926,521,433,529,57,973,325,27,35,-43,17,2019-03-02T01:00:00Z,PT30M
775,971,521,390,455,41,978,384,28,31,-31,20,2019-03-02T01:30:00Z,PT30M
773,998,507,353,399,29,976,420,28,28,-17,22,2019-03-02T02:00:00Z,PT30M
757,1007,481,310,348,20,978,447,29,27,-1,24,2019-03-02T02:30:00Z,PT30M
728,999,446,248,280,15,976,480,30,28,15,27,2019-03-02T03:00:00Z,PT30M
687,961,406,204,235,10,946,483,30,30,29,29,2019-03-02T03:30:00Z,PT30M
634,905,359,153,185,7,905,481,31,34,42,32,2019-03-02T04:00:00Z,PT30M
573,833,308,118,152,4,857,454,31,39,52,34,2019-03-02T04:30:00Z,PT30M
503,746,255,83,115,3,793,420,31,44,60,37,2019-03-02T05:00:00Z,PT30M
429,651,205,60,91,2,710,369,31,49,67,39,2019-03-02T05:30:00Z,PT30M
357,550,160,38,67,2,645,318,31,55,73,41,2019-03-02T06:00:00Z,PT30M
285,446,122,26,54,2,540,258,29,61,78,42,2019-03-02T06:30:00Z,PT30M
217,342,90,17,45,0,457,199,28,67,83,43,2019-03-02T07:00:00Z,PT30M
151,239,62,11,38,0,375,140,27,73,87,43,2019-03-02T07:30:00Z,PT30M
89,139,37,6,31,0,302,83,25,79,92,42,2019-03-02T08:00:00Z,PT30M
32,50,13,2,13,0,108,30,25,85,96,41,2019-03-02T08:30:00Z,PT30M
0,0,0,0,0,0,0,0,23,91,100,39,2019-03-02T09:00:00Z,PT30M
0,0,0,0,0,0,0,0,23,97,105,36,2019-03-02T09:30:00Z,PT30M
0,0,0,0,0,0,0,0,22,103,109,33,2019-03-02T10:00:00Z,PT30M
0,0,0,0,0,0,0,0,21,109,114,29,2019-03-02T10:30:00Z,PT30M
0,0,0,0,0,0,0,0,20,114,120,26,2019-03-02T11:00:00Z,PT30M
0,0,0,0,0,0,0,0,19,119,126,23,2019-03-02T11:30:00Z,PT30M
0,0,0,0,0,0,0,0,19,124,133,21,2019-03-02T12:00:00Z,PT30M
0,0,0,0,0,0,0,0,18,128,140,19,2019-03-02T12:30:00Z,PT30M
0,0,0,0,0,0,0,0,18,132,149,17,2019-03-02T13:00:00Z,PT30M
0,0,0,0,0,0,0,0,17,135,158,16,2019-03-02T13:30:00Z,PT30M
0,0,0,0,0,0,0,0,17,136,169,15,2019-03-02T14:00:00Z,PT30M
0,0,0,0,0,0,0,0,17,137,179,14,2019-03-02T14:30:00Z,PT30M
0,0,0,0,0,0,0,0,16,137,-170,13,2019-03-02T15:00:00Z,PT30M
0,0,0,0,0,0,0,0,16,135,-159,13,2019-03-02T15:30:00Z,PT30M
0,0,0,0,0,0,0,0,16,132,-150,14,2019-03-02T16:00:00Z,PT30M
0,0,0,0,0,0,0,0,16,129,-141,14,2019-03-02T16:30:00Z,PT30M
0,0,0,0,0,0,0,0,15,125,-133,15,2019-03-02T17:00:00Z,PT30M
0,0,0,0,0,0,0,0,15,120,-127,16,2019-03-02T17:30:00Z,PT30M
0,0,0,0,0,0,0,0,15,115,-120,17,2019-03-02T18:00:00Z,PT30M
0,0,0,0,0,0,0,0,15,110,-115,17,2019-03-02T18:30:00Z,PT30M
0,0,0,0,0,0,0,0,15,104,-110,18,2019-03-02T19:00:00Z,PT30M
0,0,0,0,0,0,0,0,16,98,-105,17,2019-03-02T19:30:00Z,PT30M
0,0,0,0,0,0,0,0,16,92,-101,17,2019-03-02T20:00:00Z,PT30M
36,43,23,11,66,6,135,24,16,86,-96,15,2019-03-02T20:30:00Z,PT30M
121,142,79,45,259,29,502,76,16,80,-92,14,2019-03-02T21:00:00Z,PT30M
223,257,148,98,355,45,636,124,19,74,-88,13,2019-03-02T21:30:00Z,PT30M
330,375,222,177,473,60,738,152,19,68,-83,11,2019-03-02T22:00:00Z,PT30M
436,490,298,270,575,78,825,166,21,62,-79,10,2019-03-02T22:30:00Z,PT30M
537,600,370,359,643,88,887,178,23,56,-73,10,2019-03-02T23:00:00Z,PT30M
628,700,433,435,677,102,919,193,25,50,-67,10,2019-03-02T23:30:00Z,PT30M
706,790,488,499,695,103,938,206,26,44,-61,10,2019-03-03,PT30M
767,866,528,536,690,97,957,230,27,39,-52,11,2019-03-03T00:30:00Z,PT30M
810,926,555,555,678,89,975,255,28,35,-43,12,2019-03-03T01:00:00Z,PT30M
838,971,567,559,653,74,980,278,29,31,-31,13,2019-03-03T01:30:00Z,PT30M
848,998,568,530,606,66,988,317,29,29,-16,15,2019-03-03T02:00:00Z,PT30M
841,1007,557,508,576,54,988,333,31,28,-1,16,2019-03-03T02:30:00Z,PT30M
